{"iteration": 9999, "exploitability": 0.3310781293221298, "_timestamp": 1651821817, "_runtime": 45, "_step": 23, "q-value": [0.9821437620937303, 0.9611948867322049], "_wandb": {"runtime": 47}}