{"iteration": 9999, "exploitability": 0.30897336632879485, "_timestamp": 1651821659, "_runtime": 48, "_step": 23, "q-value": [[[0.5279523676946346, -0.5584529662150853], [0.9418268198926676, -0.1481988382766465], [-0.7686813967223873, 1.099023466674154], [-0.9999999999999989, -1.9999999999999976], [-0.9999999999999989, -1.1122698190433657], [-0.9999999999999977, 1.9999999999999976]], [[-0.9999999999999987, -0.7064058679695548], [-0.9999999999999989, -1.9999999999999976], [0.9011293732101082, 0.6923570384491633], [-0.9999999999999988, -1.2565003273898117], [0.9999999999999986, 1.3529649520030511], [-0.9999999999999988, 1.9999999999999978]]], "_wandb": {"runtime": 49}}