{"iteration": 9999, "exploitability": 0.2957721377346652, "q-value": [0.778205130913319, 0.9328156481720274], "_timestamp": 1651821935, "_runtime": 47, "_step": 11, "_wandb": {"runtime": 49}}